<meta>
	<info author="Brumarkes" version="1.0.0" type="script" name="" description="" showInResourceBrowser="true" />
	<script src="skin10.lua" type="client" />
	<script src="skin11.lua" type="client" />
	<script src="skin12.lua" type="client" />
	<script src="skin13.lua" type="client" />
	<script src="skin14.lua" type="client" />
	<file src="10.txd" />
	<file src="10.dff" />
	<file src="11.txd" />
	<file src="11.dff" />
	<file src="12.txd" />
	<file src="12.dff" />
	<file src="13.txd" />
	<file src="13.dff" />
	<file src="14.txd" />
	<file src="14.dff" />
</meta>